time2fix,pop_size,fitness
9.0,5,1.1
38.0,5,1.1
18.0,5,1.1
11.0,5,1.1
31.0,5,1.1
13.0,5,1.1
45.0,5,1.1
12.0,5,1.1
39.0,5,1.1
55.0,5,1.1
7.0,5,1.1
40.0,5,1.1
11.0,5,1.1
18.0,5,1.1
13.0,5,1.1
46.0,5,1.1
13.0,5,1.1
15.0,5,1.1
19.0,5,1.1
20.0,5,1.1
14.0,5,1.1
20.0,5,1.1
10.0,5,1.1
11.0,5,1.1
19.0,5,1.1
36.0,5,1.1
10.0,5,1.1
13.0,5,1.1
12.0,5,1.1
37.0,5,1.1
12.0,5,1.1
31.0,5,1.1
33.0,5,1.1
10.0,5,1.1
15.0,5,1.1
16.0,5,1.1
17.0,5,1.1
27.0,5,1.1
6.0,5,1.1
13.0,5,1.1
7.0,5,1.1
21.0,5,1.1
23.0,5,1.1
20.0,5,1.1
18.0,5,1.1
8.0,5,1.1
8.0,5,1.1
13.0,5,1.1
34.0,5,1.1
20.0,5,1.1
83.0,5,1.1
18.0,5,1.1
28.0,5,1.1
32.0,5,1.1
7.0,5,1.1
35.0,5,1.1
28.0,5,1.1
28.0,5,1.1
9.0,5,1.1
13.0,5,1.1
19.0,5,1.1
36.0,5,1.1
26.0,5,1.1
10.0,5,1.1
26.0,5,1.1
9.0,5,1.1
11.0,5,1.1
33.0,5,1.1
16.0,5,1.1
7.0,5,1.1
26.0,5,1.1
17.0,5,1.1
22.0,5,1.1
19.0,5,1.1
24.0,5,1.1
9.0,5,1.1
5.0,5,1.1
16.0,5,1.1
30.0,5,1.1
16.0,5,1.1
18.0,5,1.1
18.0,5,1.1
15.0,5,1.1
16.0,5,1.1
43.0,5,1.1
11.0,5,1.1
14.0,5,1.1
27.0,5,1.1
14.0,5,1.1
6.0,5,1.1
6.0,5,1.1
15.0,5,1.1
12.0,5,1.1
44.0,5,1.1
13.0,5,1.1
25.0,5,1.1
38.0,5,1.1
23.0,5,1.1
10.0,5,1.1
20.0,5,1.1
8.0,5,1.1
10.0,5,1.1
21.0,5,1.1
32.0,5,1.1
9.0,5,1.1
19.0,5,1.1
54.0,5,1.1
10.0,5,1.1
28.0,5,1.1
25.0,5,1.1
34.0,5,1.1
12.0,5,1.1
23.0,5,1.1
35.0,5,1.1
43.0,5,1.1
23.0,5,1.1
23.0,5,1.1
31.0,5,1.1
35.0,5,1.1
8.0,5,1.1
23.0,5,1.1
22.0,5,1.1
54.0,5,1.1
17.0,5,1.1
19.0,5,1.1
46.0,5,1.1
12.0,5,1.1
39.0,5,1.1
16.0,5,1.1
14.0,5,1.1
21.0,5,1.1
7.0,5,1.1
19.0,5,1.1
15.0,5,1.1
11.0,5,1.1
24.0,5,1.1
24.0,5,1.1
34.0,5,1.1
29.0,5,1.1
19.0,5,1.1
11.0,5,1.1
16.0,5,1.1
12.0,5,1.1
40.0,5,1.1
13.0,5,1.1
25.0,5,1.1
19.0,5,1.1
14.0,5,1.1
13.0,5,1.1
10.0,5,1.1
13.0,5,1.1
18.0,5,1.1
44.0,5,1.1
42.0,5,1.1
17.0,5,1.1
23.0,5,1.1
14.0,5,1.1
16.0,5,1.1
21.0,5,1.1
5.0,5,1.1
45.0,5,1.1
32.0,5,1.1
10.0,5,1.1
22.0,5,1.1
22.0,5,1.1
20.0,5,1.1
26.0,5,1.1
25.0,5,1.1
20.0,5,1.1
16.0,5,1.1
24.0,5,1.1
29.0,5,1.1
21.0,5,1.1
63.0,5,1.1
9.0,5,1.1
24.0,5,1.1
20.0,5,1.1
49.0,5,1.1
21.0,5,1.1
17.0,5,1.1
12.0,5,1.1
28.0,5,1.1
23.0,5,1.1
18.0,5,1.1
15.0,5,1.1
58.0,5,1.1
19.0,5,1.1
46.0,5,1.1
18.0,5,1.1
13.0,5,1.1
28.0,5,1.1
115.0,5,1.1
11.0,5,1.1
14.0,5,1.1
16.0,5,1.1
36.0,5,1.1
21.0,5,1.1
27.0,5,1.1
19.0,5,1.1
12.0,5,1.1
8.0,5,1.1
22.0,5,1.1
23.0,5,1.1
50.0,5,1.1
37.0,5,1.1
10.0,5,1.1
24.0,5,1.1
31.0,5,1.1
23.0,5,1.1
20.0,5,1.1
10.0,5,1.1
33.0,5,1.1
13.0,5,1.1
13.0,5,1.1
17.0,5,1.1
8.0,5,1.1
18.0,5,1.1
58.0,5,1.1
11.0,5,1.1
7.0,5,1.1
8.0,5,1.1
25.0,5,1.1
8.0,5,1.1
30.0,5,1.1
12.0,5,1.1
21.0,5,1.1
13.0,5,1.1
20.0,5,1.1
7.0,5,1.1
9.0,5,1.1
35.0,5,1.1
16.0,5,1.1
36.0,5,1.1
44.0,5,1.1
30.0,5,1.1
23.0,5,1.1
19.0,5,1.1
10.0,5,1.1
13.0,5,1.1
18.0,5,1.1
28.0,5,1.1
10.0,5,1.1
11.0,5,1.1
22.0,5,1.1
22.0,5,1.1
7.0,5,1.1
16.0,5,1.1
20.0,5,1.1
44.0,5,1.1
12.0,5,1.1
30.0,5,1.1
25.0,5,1.1
10.0,5,1.1
9.0,5,1.1
45.0,5,1.1
22.0,5,1.1
192.0,10,1.1
127.0,10,1.1
46.0,10,1.1
158.0,10,1.1
112.0,10,1.1
59.0,10,1.1
88.0,10,1.1
107.0,10,1.1
204.0,10,1.1
134.0,10,1.1
69.0,10,1.1
65.0,10,1.1
76.0,10,1.1
42.0,10,1.1
57.0,10,1.1
86.0,10,1.1
57.0,10,1.1
30.0,10,1.1
84.0,10,1.1
120.0,10,1.1
76.0,10,1.1
284.0,10,1.1
37.0,10,1.1
110.0,10,1.1
154.0,10,1.1
82.0,10,1.1
133.0,10,1.1
31.0,10,1.1
60.0,10,1.1
91.0,10,1.1
177.0,10,1.1
25.0,10,1.1
104.0,10,1.1
154.0,10,1.1
89.0,10,1.1
238.0,10,1.1
102.0,10,1.1
117.0,10,1.1
30.0,10,1.1
57.0,10,1.1
66.0,10,1.1
82.0,10,1.1
122.0,10,1.1
117.0,10,1.1
124.0,10,1.1
62.0,10,1.1
111.0,10,1.1
19.0,10,1.1
53.0,10,1.1
90.0,10,1.1
76.0,10,1.1
72.0,10,1.1
28.0,10,1.1
47.0,10,1.1
191.0,10,1.1
132.0,10,1.1
77.0,10,1.1
92.0,10,1.1
69.0,10,1.1
59.0,10,1.1
88.0,10,1.1
101.0,10,1.1
59.0,10,1.1
84.0,10,1.1
301.0,10,1.1
42.0,10,1.1
46.0,10,1.1
160.0,10,1.1
54.0,10,1.1
134.0,10,1.1
67.0,10,1.1
85.0,10,1.1
92.0,10,1.1
144.0,10,1.1
89.0,10,1.1
114.0,10,1.1
74.0,10,1.1
121.0,10,1.1
58.0,10,1.1
74.0,10,1.1
96.0,10,1.1
120.0,10,1.1
51.0,10,1.1
89.0,10,1.1
54.0,10,1.1
38.0,10,1.1
195.0,10,1.1
47.0,10,1.1
52.0,10,1.1
61.0,10,1.1
73.0,10,1.1
125.0,10,1.1
68.0,10,1.1
108.0,10,1.1
148.0,10,1.1
46.0,10,1.1
33.0,10,1.1
113.0,10,1.1
34.0,10,1.1
129.0,10,1.1
54.0,10,1.1
56.0,10,1.1
64.0,10,1.1
189.0,10,1.1
88.0,10,1.1
81.0,10,1.1
125.0,10,1.1
103.0,10,1.1
145.0,10,1.1
75.0,10,1.1
36.0,10,1.1
32.0,10,1.1
95.0,10,1.1
68.0,10,1.1
203.0,10,1.1
115.0,10,1.1
63.0,10,1.1
121.0,10,1.1
62.0,10,1.1
47.0,10,1.1
232.0,10,1.1
76.0,10,1.1
85.0,10,1.1
196.0,10,1.1
57.0,10,1.1
177.0,10,1.1
114.0,10,1.1
113.0,10,1.1
75.0,10,1.1
70.0,10,1.1
170.0,10,1.1
150.0,10,1.1
46.0,10,1.1
112.0,10,1.1
47.0,10,1.1
196.0,10,1.1
113.0,10,1.1
41.0,10,1.1
70.0,10,1.1
105.0,10,1.1
136.0,10,1.1
46.0,10,1.1
44.0,10,1.1
183.0,10,1.1
53.0,10,1.1
56.0,10,1.1
89.0,10,1.1
74.0,10,1.1
50.0,10,1.1
116.0,10,1.1
91.0,10,1.1
36.0,10,1.1
67.0,10,1.1
119.0,15,1.1
522.0,15,1.1
247.0,15,1.1
352.0,15,1.1
107.0,15,1.1
91.0,15,1.1
155.0,15,1.1
420.0,15,1.1
236.0,15,1.1
108.0,15,1.1
426.0,15,1.1
199.0,15,1.1
181.0,15,1.1
180.0,15,1.1
278.0,15,1.1
212.0,15,1.1
144.0,15,1.1
515.0,15,1.1
364.0,15,1.1
175.0,15,1.1
348.0,15,1.1
123.0,15,1.1
134.0,15,1.1
630.0,15,1.1
269.0,15,1.1
93.0,15,1.1
273.0,15,1.1
182.0,15,1.1
220.0,15,1.1
103.0,15,1.1
132.0,15,1.1
247.0,15,1.1
198.0,15,1.1
285.0,15,1.1
101.0,15,1.1
200.0,15,1.1
221.0,15,1.1
81.0,15,1.1
119.0,15,1.1
330.0,15,1.1
242.0,15,1.1
447.0,15,1.1
231.0,15,1.1
157.0,15,1.1
369.0,15,1.1
334.0,15,1.1
97.0,15,1.1
157.0,15,1.1
273.0,15,1.1
100.0,15,1.1
221.0,15,1.1
223.0,15,1.1
371.0,15,1.1
354.0,15,1.1
122.0,15,1.1
113.0,15,1.1
204.0,15,1.1
97.0,15,1.1
226.0,15,1.1
111.0,15,1.1
346.0,15,1.1
152.0,15,1.1
88.0,15,1.1
171.0,15,1.1
177.0,15,1.1
191.0,15,1.1
248.0,15,1.1
124.0,15,1.1
197.0,15,1.1
203.0,15,1.1
311.0,15,1.1
69.0,15,1.1
129.0,15,1.1
238.0,15,1.1
157.0,15,1.1
182.0,15,1.1
191.0,15,1.1
305.0,15,1.1
373.0,15,1.1
65.0,15,1.1
211.0,15,1.1
122.0,15,1.1
120.0,15,1.1
143.0,15,1.1
227.0,15,1.1
117.0,15,1.1
130.0,15,1.1
146.0,15,1.1
251.0,15,1.1
171.0,15,1.1
169.0,15,1.1
235.0,15,1.1
249.0,15,1.1
237.0,15,1.1
231.0,15,1.1
222.0,15,1.1
141.0,15,1.1
188.0,15,1.1
180.0,15,1.1
224.0,15,1.1
106.0,15,1.1
159.0,15,1.1
158.0,15,1.1
230.0,15,1.1
223.0,15,1.1
280.0,15,1.1
110.0,15,1.1
301.0,15,1.1
155.0,15,1.1
352.0,15,1.1
102.0,15,1.1
274.0,15,1.1
125.0,15,1.1
129.0,15,1.1
483.0,15,1.1
155.0,15,1.1
308.0,15,1.1
189.0,15,1.1
86.0,15,1.1
223.0,15,1.1
264.0,15,1.1
94.0,15,1.1
286.0,15,1.1
103.0,15,1.1
222.0,15,1.1
147.0,15,1.1
78.0,15,1.1
129.0,15,1.1
258.0,15,1.1
202.0,15,1.1
240.0,20,1.1
338.0,20,1.1
383.0,20,1.1
208.0,20,1.1
396.0,20,1.1
242.0,20,1.1
133.0,20,1.1
853.0,20,1.1
374.0,20,1.1
219.0,20,1.1
368.0,20,1.1
110.0,20,1.1
251.0,20,1.1
602.0,20,1.1
552.0,20,1.1
225.0,20,1.1
507.0,20,1.1
239.0,20,1.1
180.0,20,1.1
1010.0,20,1.1
1022.0,20,1.1
519.0,20,1.1
247.0,20,1.1
496.0,20,1.1
477.0,20,1.1
216.0,20,1.1
170.0,20,1.1
419.0,20,1.1
215.0,20,1.1
838.0,20,1.1
505.0,20,1.1
235.0,20,1.1
317.0,20,1.1
138.0,20,1.1
603.0,20,1.1
301.0,20,1.1
1036.0,20,1.1
151.0,20,1.1
460.0,20,1.1
225.0,20,1.1
73.0,20,1.1
86.0,20,1.1
175.0,20,1.1
174.0,20,1.1
160.0,20,1.1
430.0,20,1.1
200.0,20,1.1
298.0,20,1.1
380.0,20,1.1
177.0,20,1.1
379.0,20,1.1
768.0,20,1.1
617.0,20,1.1
346.0,20,1.1
304.0,20,1.1
387.0,20,1.1
144.0,20,1.1
375.0,20,1.1
936.0,20,1.1
241.0,20,1.1
266.0,20,1.1
330.0,20,1.1
211.0,20,1.1
201.0,20,1.1
275.0,20,1.1
310.0,20,1.1
415.0,20,1.1
130.0,20,1.1
245.0,20,1.1
185.0,20,1.1
229.0,20,1.1
377.0,20,1.1
994.0,20,1.1
504.0,20,1.1
307.0,20,1.1
459.0,20,1.1
651.0,20,1.1
454.0,20,1.1
251.0,20,1.1
1038.0,20,1.1
190.0,20,1.1
330.0,20,1.1
438.0,20,1.1
225.0,20,1.1
312.0,20,1.1
350.0,20,1.1
153.0,20,1.1
124.0,20,1.1
325.0,20,1.1
328.0,20,1.1
258.0,20,1.1
229.0,20,1.1
182.0,20,1.1
425.0,20,1.1
427.0,20,1.1
375.0,20,1.1
331.0,20,1.1
386.0,20,1.1
428.0,20,1.1
341.0,20,1.1
149.0,20,1.1
560.0,20,1.1
690.0,20,1.1
252.0,20,1.1
299.0,20,1.1
477.0,20,1.1
234.0,20,1.1
330.0,20,1.1
397.0,20,1.1
198.0,20,1.1
1160.0,20,1.1
307.0,20,1.1
244.0,20,1.1
438.0,20,1.1
293.0,20,1.1
482.0,20,1.1
180.0,20,1.1
399.0,20,1.1
157.0,20,1.1
188.0,20,1.1
281.0,20,1.1
551.0,20,1.1
243.0,25,1.1
1211.0,25,1.1
649.0,25,1.1
624.0,25,1.1
541.0,25,1.1
456.0,25,1.1
213.0,25,1.1
553.0,25,1.1
871.0,25,1.1
622.0,25,1.1
716.0,25,1.1
681.0,25,1.1
368.0,25,1.1
305.0,25,1.1
668.0,25,1.1
785.0,25,1.1
902.0,25,1.1
307.0,25,1.1
665.0,25,1.1
515.0,25,1.1
996.0,25,1.1
365.0,25,1.1
792.0,25,1.1
209.0,25,1.1
517.0,25,1.1
1014.0,25,1.1
443.0,25,1.1
361.0,25,1.1
463.0,25,1.1
1044.0,25,1.1
367.0,25,1.1
422.0,25,1.1
633.0,25,1.1
743.0,25,1.1
355.0,25,1.1
281.0,25,1.1
294.0,25,1.1
231.0,25,1.1
827.0,25,1.1
648.0,25,1.1
748.0,25,1.1
520.0,25,1.1
477.0,25,1.1
783.0,25,1.1
1013.0,25,1.1
202.0,25,1.1
547.0,25,1.1
1055.0,25,1.1
997.0,25,1.1
651.0,25,1.1
203.0,25,1.1
517.0,25,1.1
223.0,25,1.1
499.0,25,1.1
517.0,25,1.1
509.0,25,1.1
278.0,25,1.1
572.0,25,1.1
631.0,25,1.1
628.0,25,1.1
282.0,25,1.1
355.0,25,1.1
325.0,25,1.1
263.0,25,1.1
377.0,25,1.1
560.0,25,1.1
281.0,25,1.1
450.0,25,1.1
205.0,25,1.1
1279.0,25,1.1
919.0,25,1.1
398.0,25,1.1
426.0,25,1.1
731.0,25,1.1
641.0,25,1.1
321.0,25,1.1
346.0,25,1.1
198.0,25,1.1
247.0,25,1.1
438.0,25,1.1
411.0,25,1.1
849.0,25,1.1
461.0,25,1.1
1054.0,25,1.1
493.0,25,1.1
458.0,25,1.1
463.0,25,1.1
787.0,25,1.1
255.0,25,1.1
505.0,25,1.1
599.0,30,1.1
1055.0,30,1.1
728.0,30,1.1
1134.0,30,1.1
982.0,30,1.1
433.0,30,1.1
543.0,30,1.1
412.0,30,1.1
423.0,30,1.1
813.0,30,1.1
490.0,30,1.1
2841.0,30,1.1
847.0,30,1.1
549.0,30,1.1
753.0,30,1.1
546.0,30,1.1
1363.0,30,1.1
1001.0,30,1.1
261.0,30,1.1
510.0,30,1.1
1009.0,30,1.1
462.0,30,1.1
643.0,30,1.1
463.0,30,1.1
849.0,30,1.1
840.0,30,1.1
486.0,30,1.1
338.0,30,1.1
363.0,30,1.1
260.0,30,1.1
714.0,30,1.1
389.0,30,1.1
572.0,30,1.1
750.0,30,1.1
670.0,30,1.1
2279.0,30,1.1
889.0,30,1.1
1069.0,30,1.1
477.0,30,1.1
1098.0,30,1.1
910.0,30,1.1
708.0,30,1.1
741.0,30,1.1
500.0,30,1.1
383.0,30,1.1
1864.0,30,1.1
401.0,30,1.1
598.0,30,1.1
722.0,30,1.1
1574.0,30,1.1
605.0,30,1.1
536.0,30,1.1
397.0,30,1.1
567.0,30,1.1
884.0,30,1.1
1697.0,30,1.1
1297.0,30,1.1
306.0,30,1.1
1025.0,30,1.1
457.0,30,1.1
1300.0,30,1.1
1161.0,30,1.1
868.0,30,1.1
443.0,30,1.1
433.0,30,1.1
539.0,30,1.1
864.0,30,1.1
630.0,30,1.1
741.0,30,1.1
1115.0,30,1.1
496.0,30,1.1
1058.0,30,1.1
805.0,30,1.1
765.0,30,1.1
523.0,30,1.1
1324.0,30,1.1
645.0,30,1.1
605.0,30,1.1
507.0,30,1.1
1031.0,30,1.1
1653.0,30,1.1
464.0,30,1.1
1024.0,30,1.1
561.0,30,1.1
451.0,30,1.1
508.0,30,1.1
620.0,30,1.1
906.0,30,1.1
614.0,30,1.1
996.0,30,1.1
453.0,30,1.1
759.0,30,1.1
884.0,30,1.1
774.0,30,1.1
410.0,30,1.1
995.0,30,1.1
670.0,30,1.1
654.0,30,1.1
1001.0,30,1.1
476.0,30,1.1
1246.0,30,1.1
1536.0,30,1.1
1216.0,35,1.1
1342.0,35,1.1
648.0,35,1.1
596.0,35,1.1
1681.0,35,1.1
1571.0,35,1.1
739.0,35,1.1
1940.0,35,1.1
792.0,35,1.1
636.0,35,1.1
1801.0,35,1.1
931.0,35,1.1
974.0,35,1.1
856.0,35,1.1
1001.0,35,1.1
1492.0,35,1.1
1176.0,35,1.1
1547.0,35,1.1
959.0,35,1.1
508.0,35,1.1
1581.0,35,1.1
1861.0,35,1.1
930.0,35,1.1
807.0,35,1.1
785.0,35,1.1
915.0,35,1.1
1033.0,35,1.1
1543.0,35,1.1
1187.0,35,1.1
1061.0,35,1.1
549.0,35,1.1
503.0,35,1.1
955.0,35,1.1
504.0,35,1.1
903.0,35,1.1
1519.0,35,1.1
1008.0,35,1.1
532.0,35,1.1
478.0,35,1.1
1740.0,35,1.1
1116.0,35,1.1
2125.0,35,1.1
932.0,35,1.1
1774.0,35,1.1
921.0,35,1.1
531.0,35,1.1
1328.0,35,1.1
532.0,35,1.1
1518.0,35,1.1
1807.0,35,1.1
1107.0,35,1.1
1312.0,35,1.1
1094.0,35,1.1
703.0,35,1.1
524.0,35,1.1
978.0,35,1.1
555.0,35,1.1
1072.0,35,1.1
546.0,35,1.1
698.0,35,1.1
1038.0,35,1.1
489.0,35,1.1
1624.0,35,1.1
1600.0,35,1.1
1108.0,35,1.1
2697.0,35,1.1
1172.0,35,1.1
633.0,35,1.1
1330.0,35,1.1
1194.0,35,1.1
739.0,35,1.1
779.0,35,1.1
930.0,35,1.1
477.0,35,1.1
845.0,35,1.1
438.0,35,1.1
2194.0,35,1.1
1259.0,35,1.1
1731.0,35,1.1
384.0,35,1.1
5014.0,35,1.1
1813.0,35,1.1
500.0,35,1.1
646.0,35,1.1
1672.0,40,1.1
1304.0,40,1.1
1077.0,40,1.1
1778.0,40,1.1
2354.0,40,1.1
1467.0,40,1.1
1732.0,40,1.1
2749.0,40,1.1
1931.0,40,1.1
699.0,40,1.1
1037.0,40,1.1
1258.0,40,1.1
1130.0,40,1.1
977.0,40,1.1
2639.0,40,1.1
1435.0,40,1.1
673.0,40,1.1
861.0,40,1.1
870.0,40,1.1
583.0,40,1.1
411.0,40,1.1
965.0,40,1.1
2227.0,40,1.1
975.0,40,1.1
1967.0,40,1.1
418.0,40,1.1
1142.0,40,1.1
305.0,40,1.1
1212.0,40,1.1
3675.0,40,1.1
847.0,40,1.1
815.0,40,1.1
750.0,40,1.1
1250.0,40,1.1
1335.0,40,1.1
839.0,40,1.1
1006.0,40,1.1
1522.0,40,1.1
912.0,40,1.1
1106.0,40,1.1
2827.0,40,1.1
1254.0,40,1.1
874.0,40,1.1
866.0,40,1.1
2031.0,40,1.1
1193.0,40,1.1
1706.0,40,1.1
2167.0,40,1.1
2264.0,40,1.1
1311.0,40,1.1
1593.0,40,1.1
1063.0,40,1.1
1389.0,40,1.1
1156.0,40,1.1
1312.0,40,1.1
1280.0,40,1.1
1173.0,40,1.1
1621.0,40,1.1
663.0,40,1.1
2064.0,40,1.1
1630.0,40,1.1
1407.0,40,1.1
2052.0,40,1.1
742.0,40,1.1
662.0,40,1.1
1804.0,40,1.1
1297.0,40,1.1
2395.0,40,1.1
856.0,40,1.1
1457.0,40,1.1
2516.0,40,1.1
3652.0,40,1.1
2127.0,40,1.1
551.0,40,1.1
773.0,40,1.1
1722.0,40,1.1
825.0,40,1.1
771.0,40,1.1
1137.0,40,1.1
784.0,40,1.1
633.0,40,1.1
2203.0,40,1.1
1261.0,40,1.1
916.0,40,1.1
1354.0,40,1.1
645.0,40,1.1
1479.0,40,1.1
1879.0,40,1.1
1450.0,40,1.1
823.0,40,1.1
1639.0,40,1.1
4372.0,40,1.1
2208.0,40,1.1
1530.0,40,1.1
977.0,40,1.1
1345.0,40,1.1
527.0,40,1.1
1326.0,40,1.1
886.0,40,1.1
1283.0,40,1.1
2521.0,40,1.1
2738.0,40,1.1
859.0,40,1.1
902.0,40,1.1
1314.0,40,1.1
851.0,40,1.1
776.0,40,1.1
1614.0,40,1.1
1198.0,40,1.1
2558.0,45,1.1
1256.0,45,1.1
5642.0,45,1.1
800.0,45,1.1
602.0,45,1.1
1081.0,45,1.1
1555.0,45,1.1
1627.0,45,1.1
2454.0,45,1.1
1679.0,45,1.1
1387.0,45,1.1
940.0,45,1.1
1019.0,45,1.1
2324.0,45,1.1
504.0,45,1.1
1660.0,45,1.1
533.0,45,1.1
1174.0,45,1.1
2126.0,45,1.1
3747.0,45,1.1
994.0,45,1.1
1557.0,45,1.1
1194.0,45,1.1
2224.0,45,1.1
917.0,45,1.1
3254.0,45,1.1
1799.0,45,1.1
1948.0,45,1.1
1047.0,45,1.1
761.0,45,1.1
1009.0,45,1.1
1400.0,45,1.1
1396.0,45,1.1
3289.0,45,1.1
2167.0,45,1.1
2670.0,45,1.1
2660.0,45,1.1
989.0,45,1.1
2482.0,45,1.1
847.0,45,1.1
583.0,45,1.1
824.0,45,1.1
1812.0,45,1.1
1620.0,45,1.1
1503.0,45,1.1
1819.0,45,1.1
1179.0,45,1.1
2066.0,45,1.1
632.0,45,1.1
750.0,45,1.1
1260.0,45,1.1
2201.0,45,1.1
1292.0,45,1.1
908.0,45,1.1
1004.0,45,1.1
1138.0,45,1.1
1239.0,45,1.1
2516.0,45,1.1
1683.0,45,1.1
2697.0,45,1.1
2610.0,45,1.1
1304.0,45,1.1
1459.0,45,1.1
1711.0,45,1.1
1511.0,45,1.1
925.0,45,1.1
1033.0,45,1.1
2259.0,45,1.1
861.0,45,1.1
919.0,45,1.1
1838.0,45,1.1
1265.0,45,1.1
1339.0,45,1.1
1363.0,45,1.1
1385.0,45,1.1
2003.0,45,1.1
1944.0,45,1.1
1189.0,45,1.1
1687.0,45,1.1
3257.0,45,1.1
1176.0,45,1.1
3105.0,45,1.1
1770.0,45,1.1
800.0,45,1.1
2073.0,45,1.1
773.0,45,1.1
927.0,45,1.1
1013.0,45,1.1
704.0,45,1.1
1889.0,45,1.1
1306.0,45,1.1
2493.0,45,1.1
1788.0,45,1.1
1371.0,45,1.1
2533.0,45,1.1
1074.0,45,1.1
1448.0,45,1.1
2900.0,45,1.1
1401.0,45,1.1
2440.0,45,1.1
1431.0,45,1.1
2570.0,45,1.1
1769.0,45,1.1
1990.0,45,1.1
1276.0,45,1.1
1080.0,45,1.1
1286.0,45,1.1
1106.0,45,1.1
1501.0,50,1.1
3275.0,50,1.1
4194.0,50,1.1
1701.0,50,1.1
983.0,50,1.1
964.0,50,1.1
1163.0,50,1.1
1591.0,50,1.1
1468.0,50,1.1
3208.0,50,1.1
1980.0,50,1.1
625.0,50,1.1
1815.0,50,1.1
2494.0,50,1.1
3648.0,50,1.1
1529.0,50,1.1
2567.0,50,1.1
2452.0,50,1.1
4146.0,50,1.1
1773.0,50,1.1
1217.0,50,1.1
2756.0,50,1.1
611.0,50,1.1
762.0,50,1.1
2100.0,50,1.1
1995.0,50,1.1
1360.0,50,1.1
3735.0,50,1.1
863.0,50,1.1
2366.0,50,1.1
3311.0,50,1.1
711.0,50,1.1
1974.0,50,1.1
1434.0,50,1.1
1448.0,50,1.1
1269.0,50,1.1
1480.0,50,1.1
2366.0,50,1.1
1678.0,50,1.1
2206.0,50,1.1
3147.0,50,1.1
2944.0,50,1.1
2084.0,50,1.1
3231.0,50,1.1
2495.0,50,1.1
1304.0,50,1.1
1186.0,50,1.1
2279.0,50,1.1
2612.0,50,1.1
1234.0,50,1.1
1778.0,50,1.1
4996.0,50,1.1
1777.0,50,1.1
709.0,50,1.1
2438.0,50,1.1
2164.0,50,1.1
1032.0,50,1.1
2806.0,50,1.1
1506.0,50,1.1
2166.0,50,1.1
1988.0,50,1.1
1458.0,50,1.1
1916.0,50,1.1
3894.0,50,1.1
1336.0,50,1.1
770.0,50,1.1
2050.0,50,1.1
3490.0,50,1.1
1641.0,50,1.1
1532.0,50,1.1
1023.0,50,1.1
1608.0,50,1.1
2574.0,50,1.1
1582.0,50,1.1
1362.0,50,1.1
1538.0,50,1.1
2396.0,50,1.1
1368.0,50,1.1
1218.0,50,1.1
1745.0,50,1.1
733.0,50,1.1
1140.0,50,1.1
1289.0,50,1.1
2029.0,50,1.1
2106.0,55,1.1
3645.0,55,1.1
1069.0,55,1.1
1521.0,55,1.1
5976.0,55,1.1
1645.0,55,1.1
2283.0,55,1.1
3122.0,55,1.1
1242.0,55,1.1
2215.0,55,1.1
3057.0,55,1.1
2558.0,55,1.1
1630.0,55,1.1
1124.0,55,1.1
817.0,55,1.1
1407.0,55,1.1
1274.0,55,1.1
3411.0,55,1.1
2247.0,55,1.1
1844.0,55,1.1
944.0,55,1.1
3053.0,55,1.1
1636.0,55,1.1
2405.0,55,1.1
2327.0,55,1.1
3659.0,55,1.1
1993.0,55,1.1
2334.0,55,1.1
1036.0,55,1.1
2638.0,55,1.1
1708.0,55,1.1
2263.0,55,1.1
1476.0,55,1.1
1773.0,55,1.1
1467.0,55,1.1
1524.0,55,1.1
1448.0,55,1.1
1218.0,55,1.1
4568.0,55,1.1
3016.0,55,1.1
2246.0,55,1.1
1832.0,55,1.1
3998.0,55,1.1
1928.0,55,1.1
2543.0,55,1.1
1335.0,55,1.1
1475.0,55,1.1
1879.0,55,1.1
1450.0,55,1.1
1824.0,55,1.1
2325.0,55,1.1
5081.0,55,1.1
1590.0,55,1.1
1049.0,55,1.1
1477.0,55,1.1
1201.0,55,1.1
2448.0,55,1.1
1260.0,55,1.1
3377.0,55,1.1
1619.0,55,1.1
2293.0,55,1.1
1415.0,55,1.1
1975.0,55,1.1
1385.0,55,1.1
3144.0,55,1.1
2062.0,55,1.1
2312.0,55,1.1
1493.0,55,1.1
3428.0,55,1.1
2825.0,55,1.1
1513.0,55,1.1
1910.0,55,1.1
1262.0,55,1.1
3174.0,55,1.1
2235.0,55,1.1
1905.0,55,1.1
2028.0,55,1.1
1409.0,55,1.1
1494.0,55,1.1
2385.0,55,1.1
1559.0,55,1.1
6834.0,55,1.1
3606.0,55,1.1
3323.0,55,1.1
4978.0,55,1.1
1874.0,55,1.1
3028.0,55,1.1
1908.0,55,1.1
2172.0,55,1.1
1175.0,55,1.1
1847.0,55,1.1
3137.0,60,1.1
1242.0,60,1.1
4096.0,60,1.1
2904.0,60,1.1
2124.0,60,1.1
3062.0,60,1.1
3463.0,60,1.1
2181.0,60,1.1
1715.0,60,1.1
2838.0,60,1.1
1975.0,60,1.1
3026.0,60,1.1
4129.0,60,1.1
1423.0,60,1.1
2139.0,60,1.1
1975.0,60,1.1
1845.0,60,1.1
986.0,60,1.1
1376.0,60,1.1
1372.0,60,1.1
3211.0,60,1.1
3077.0,60,1.1
1806.0,60,1.1
1721.0,60,1.1
2083.0,60,1.1
2246.0,60,1.1
2761.0,60,1.1
2390.0,60,1.1
1934.0,60,1.1
1302.0,60,1.1
1555.0,60,1.1
1625.0,60,1.1
2487.0,60,1.1
2772.0,60,1.1
5044.0,60,1.1
1556.0,60,1.1
1216.0,60,1.1
2676.0,60,1.1
1934.0,60,1.1
1362.0,60,1.1
3784.0,60,1.1
1608.0,60,1.1
3313.0,60,1.1
3147.0,60,1.1
2942.0,60,1.1
2428.0,60,1.1
3678.0,60,1.1
1828.0,60,1.1
3320.0,60,1.1
1726.0,60,1.1
3761.0,60,1.1
1117.0,60,1.1
2784.0,60,1.1
2655.0,60,1.1
2725.0,60,1.1
1777.0,60,1.1
2887.0,60,1.1
2718.0,60,1.1
2491.0,60,1.1
835.0,60,1.1
2140.0,60,1.1
2703.0,60,1.1
2173.0,60,1.1
1149.0,60,1.1
4489.0,60,1.1
2107.0,60,1.1
1144.0,60,1.1
2455.0,60,1.1
2614.0,60,1.1
1127.0,60,1.1
1691.0,60,1.1
2158.0,60,1.1
1593.0,60,1.1
2338.0,60,1.1
2107.0,60,1.1
3491.0,60,1.1
2021.0,60,1.1
5487.0,60,1.1
2234.0,60,1.1
3653.0,60,1.1
2660.0,60,1.1
1532.0,60,1.1
1941.0,60,1.1
1917.0,60,1.1
2251.0,60,1.1
2355.0,60,1.1
2004.0,60,1.1
3182.0,65,1.1
1922.0,65,1.1
5266.0,65,1.1
4597.0,65,1.1
3467.0,65,1.1
2548.0,65,1.1
3099.0,65,1.1
2864.0,65,1.1
3238.0,65,1.1
3741.0,65,1.1
3702.0,65,1.1
2360.0,65,1.1
4880.0,65,1.1
1851.0,65,1.1
4944.0,65,1.1
1593.0,65,1.1
3597.0,65,1.1
4104.0,65,1.1
5614.0,65,1.1
3898.0,65,1.1
2373.0,65,1.1
3904.0,65,1.1
1252.0,65,1.1
3651.0,65,1.1
2275.0,65,1.1
4149.0,65,1.1
3538.0,65,1.1
1773.0,65,1.1
3831.0,65,1.1
3705.0,65,1.1
2980.0,65,1.1
2579.0,65,1.1
2775.0,65,1.1
1650.0,65,1.1
1379.0,65,1.1
3115.0,65,1.1
2199.0,65,1.1
2911.0,65,1.1
5411.0,65,1.1
3302.0,65,1.1
2868.0,65,1.1
1987.0,65,1.1
3256.0,65,1.1
3115.0,65,1.1
1729.0,65,1.1
2718.0,65,1.1
2027.0,65,1.1
2788.0,65,1.1
4059.0,65,1.1
2849.0,65,1.1
2013.0,65,1.1
2522.0,65,1.1
2011.0,65,1.1
3599.0,65,1.1
1572.0,65,1.1
1751.0,65,1.1
3997.0,65,1.1
2059.0,65,1.1
1887.0,65,1.1
3107.0,65,1.1
4398.0,65,1.1
2975.0,65,1.1
3800.0,65,1.1
2609.0,65,1.1
3966.0,65,1.1
3706.0,65,1.1
4650.0,65,1.1
1971.0,65,1.1
2595.0,65,1.1
2378.0,65,1.1
2627.0,65,1.1
1316.0,65,1.1
908.0,65,1.1
5446.0,65,1.1
1691.0,65,1.1
4590.0,65,1.1
1509.0,65,1.1
5907.0,65,1.1
2072.0,65,1.1
6003.0,65,1.1
5978.0,65,1.1
3001.0,65,1.1
4075.0,65,1.1
2081.0,65,1.1
2437.0,65,1.1
3817.0,65,1.1
1586.0,65,1.1
2806.0,65,1.1
2364.0,65,1.1
3888.0,65,1.1
2499.0,65,1.1
2388.0,70,1.1
2673.0,70,1.1
4679.0,70,1.1
4447.0,70,1.1
2974.0,70,1.1
1336.0,70,1.1
6207.0,70,1.1
2000.0,70,1.1
3286.0,70,1.1
2938.0,70,1.1
2466.0,70,1.1
2854.0,70,1.1
8806.0,70,1.1
2634.0,70,1.1
3318.0,70,1.1
3051.0,70,1.1
8625.0,70,1.1
3048.0,70,1.1
6413.0,70,1.1
3052.0,70,1.1
3176.0,70,1.1
2872.0,70,1.1
4980.0,70,1.1
3585.0,70,1.1
3330.0,70,1.1
2041.0,70,1.1
2528.0,70,1.1
2118.0,70,1.1
5613.0,70,1.1
2043.0,70,1.1
6369.0,70,1.1
2366.0,70,1.1
4552.0,70,1.1
2730.0,70,1.1
6151.0,70,1.1
3250.0,70,1.1
4456.0,70,1.1
3645.0,70,1.1
3383.0,70,1.1
5425.0,70,1.1
3866.0,70,1.1
1581.0,70,1.1
2567.0,70,1.1
3242.0,70,1.1
4160.0,70,1.1
4753.0,70,1.1
2171.0,70,1.1
2438.0,70,1.1
2341.0,70,1.1
5760.0,70,1.1
2240.0,70,1.1
3737.0,70,1.1
4727.0,70,1.1
3443.0,70,1.1
3417.0,70,1.1
4376.0,70,1.1
1710.0,70,1.1
3791.0,70,1.1
1518.0,70,1.1
2932.0,70,1.1
3279.0,70,1.1
2857.0,70,1.1
1938.0,70,1.1
3561.0,70,1.1
2595.0,70,1.1
3202.0,70,1.1
3133.0,70,1.1
3476.0,70,1.1
5717.0,70,1.1
3115.0,70,1.1
2495.0,70,1.1
4050.0,70,1.1
3061.0,70,1.1
6283.0,70,1.1
5577.0,70,1.1
3085.0,70,1.1
3559.0,70,1.1
3455.0,70,1.1
4047.0,70,1.1
1428.0,70,1.1
2223.0,70,1.1
1928.0,70,1.1
6004.0,70,1.1
4106.0,70,1.1
2909.0,70,1.1
3837.0,70,1.1
1813.0,70,1.1
3006.0,70,1.1
3301.0,70,1.1
3145.0,70,1.1
2555.0,70,1.1
1901.0,70,1.1
2036.0,70,1.1
3127.0,70,1.1
2288.0,75,1.1
5254.0,75,1.1
2406.0,75,1.1
2221.0,75,1.1
3782.0,75,1.1
2421.0,75,1.1
3564.0,75,1.1
4825.0,75,1.1
4232.0,75,1.1
2374.0,75,1.1
2089.0,75,1.1
2811.0,75,1.1
4640.0,75,1.1
3558.0,75,1.1
3807.0,75,1.1
3591.0,75,1.1
2737.0,75,1.1
5026.0,75,1.1
2546.0,75,1.1
3660.0,75,1.1
2221.0,75,1.1
5367.0,75,1.1
3759.0,75,1.1
3727.0,75,1.1
3466.0,75,1.1
2950.0,75,1.1
3660.0,75,1.1
4023.0,75,1.1
4124.0,75,1.1
2779.0,75,1.1
3357.0,75,1.1
2994.0,75,1.1
5359.0,75,1.1
5955.0,75,1.1
1641.0,75,1.1
3854.0,75,1.1
2001.0,75,1.1
1564.0,75,1.1
9835.0,75,1.1
3604.0,75,1.1
4642.0,75,1.1
3447.0,75,1.1
3127.0,75,1.1
7608.0,75,1.1
2589.0,75,1.1
1867.0,75,1.1
1832.0,75,1.1
2861.0,75,1.1
3645.0,75,1.1
1623.0,75,1.1
5077.0,75,1.1
5257.0,75,1.1
3853.0,75,1.1
3720.0,75,1.1
4434.0,75,1.1
1322.0,75,1.1
3521.0,75,1.1
2058.0,75,1.1
4566.0,75,1.1
3218.0,75,1.1
5453.0,75,1.1
4908.0,75,1.1
6444.0,75,1.1
3757.0,75,1.1
8415.0,75,1.1
3367.0,75,1.1
2527.0,75,1.1
2260.0,75,1.1
8096.0,75,1.1
4705.0,75,1.1
4704.0,75,1.1
5303.0,75,1.1
4762.0,75,1.1
3591.0,75,1.1
2926.0,75,1.1
5011.0,75,1.1
2281.0,75,1.1
4210.0,75,1.1
5153.0,75,1.1
2425.0,75,1.1
4467.0,75,1.1
2478.0,75,1.1
2107.0,75,1.1
4625.0,75,1.1
3135.0,75,1.1
3603.0,75,1.1
3093.0,75,1.1
3952.0,75,1.1
2856.0,75,1.1
4546.0,75,1.1
1616.0,75,1.1
3866.0,75,1.1
2477.0,75,1.1
1951.0,75,1.1
7052.0,75,1.1
4509.0,75,1.1
3460.0,75,1.1
5584.0,75,1.1
3273.0,80,1.1
2918.0,80,1.1
3441.0,80,1.1
3254.0,80,1.1
2944.0,80,1.1
6681.0,80,1.1
6182.0,80,1.1
3914.0,80,1.1
2542.0,80,1.1
4865.0,80,1.1
3076.0,80,1.1
5000.0,80,1.1
1590.0,80,1.1
3721.0,80,1.1
4840.0,80,1.1
4431.0,80,1.1
3795.0,80,1.1
5321.0,80,1.1
3865.0,80,1.1
4241.0,80,1.1
4389.0,80,1.1
2375.0,80,1.1
2854.0,80,1.1
2823.0,80,1.1
4220.0,80,1.1
5211.0,80,1.1
3347.0,80,1.1
2906.0,80,1.1
5059.0,80,1.1
10686.0,80,1.1
1691.0,80,1.1
3751.0,80,1.1
1860.0,80,1.1
2155.0,80,1.1
1840.0,80,1.1
3569.0,80,1.1
4110.0,80,1.1
2761.0,80,1.1
4853.0,80,1.1
3771.0,80,1.1
2667.0,80,1.1
4277.0,80,1.1
4279.0,80,1.1
2049.0,80,1.1
5340.0,80,1.1
2938.0,80,1.1
2982.0,80,1.1
3602.0,80,1.1
2750.0,80,1.1
7127.0,80,1.1
3403.0,80,1.1
2824.0,80,1.1
4079.0,80,1.1
3005.0,80,1.1
3213.0,80,1.1
4362.0,80,1.1
2875.0,80,1.1
3917.0,80,1.1
6096.0,80,1.1
2666.0,80,1.1
3713.0,80,1.1
3690.0,80,1.1
4293.0,80,1.1
2979.0,80,1.1
3131.0,80,1.1
3922.0,80,1.1
2593.0,80,1.1
2498.0,80,1.1
4376.0,80,1.1
5844.0,80,1.1
3955.0,80,1.1
4168.0,80,1.1
2048.0,80,1.1
3667.0,80,1.1
2476.0,80,1.1
5202.0,80,1.1
5334.0,85,1.1
2012.0,85,1.1
4537.0,85,1.1
3621.0,85,1.1
7571.0,85,1.1
4795.0,85,1.1
11134.0,85,1.1
4762.0,85,1.1
3993.0,85,1.1
4289.0,85,1.1
5871.0,85,1.1
3663.0,85,1.1
4468.0,85,1.1
3925.0,85,1.1
6720.0,85,1.1
4712.0,85,1.1
2339.0,85,1.1
7775.0,85,1.1
4565.0,85,1.1
4715.0,85,1.1
8027.0,85,1.1
8142.0,85,1.1
6491.0,85,1.1
4292.0,85,1.1
6536.0,85,1.1
4493.0,85,1.1
5507.0,85,1.1
4705.0,85,1.1
2610.0,85,1.1
4396.0,85,1.1
4194.0,85,1.1
4195.0,85,1.1
9802.0,85,1.1
6232.0,85,1.1
2716.0,85,1.1
6823.0,85,1.1
6568.0,85,1.1
7574.0,85,1.1
6300.0,85,1.1
4658.0,85,1.1
4028.0,85,1.1
4138.0,85,1.1
4456.0,85,1.1
3074.0,85,1.1
5947.0,85,1.1
12968.0,85,1.1
5692.0,85,1.1
4812.0,85,1.1
3954.0,85,1.1
5177.0,85,1.1
4786.0,85,1.1
3231.0,85,1.1
2806.0,85,1.1
3440.0,85,1.1
4190.0,85,1.1
5856.0,85,1.1
4679.0,85,1.1
2944.0,85,1.1
4237.0,85,1.1
3624.0,85,1.1
2531.0,85,1.1
4702.0,85,1.1
2710.0,85,1.1
2397.0,85,1.1
3684.0,85,1.1
5407.0,85,1.1
4221.0,85,1.1
2482.0,85,1.1
2918.0,85,1.1
9191.0,85,1.1
4808.0,85,1.1
5724.0,85,1.1
3593.0,85,1.1
8670.0,85,1.1
4765.0,85,1.1
7138.0,85,1.1
7825.0,85,1.1
2203.0,85,1.1
5679.0,85,1.1
3644.0,85,1.1
3794.0,85,1.1
5013.0,85,1.1
5487.0,85,1.1
6789.0,85,1.1
6496.0,85,1.1
7824.0,85,1.1
6869.0,85,1.1
3526.0,85,1.1
3345.0,85,1.1
6807.0,85,1.1
4243.0,85,1.1
2179.0,85,1.1
5937.0,85,1.1
4701.0,85,1.1
4835.0,85,1.1
2167.0,85,1.1
3914.0,85,1.1
3154.0,85,1.1
7476.0,85,1.1
6879.0,85,1.1
5020.0,90,1.1
6131.0,90,1.1
4580.0,90,1.1
5344.0,90,1.1
3249.0,90,1.1
4704.0,90,1.1
2444.0,90,1.1
4251.0,90,1.1
5444.0,90,1.1
6321.0,90,1.1
4778.0,90,1.1
3648.0,90,1.1
4168.0,90,1.1
6321.0,90,1.1
2551.0,90,1.1
6116.0,90,1.1
4205.0,90,1.1
5437.0,90,1.1
5143.0,90,1.1
2841.0,90,1.1
5431.0,90,1.1
2079.0,90,1.1
2830.0,90,1.1
4142.0,90,1.1
4844.0,90,1.1
4566.0,90,1.1
4878.0,90,1.1
4145.0,90,1.1
4122.0,90,1.1
4111.0,90,1.1
2426.0,90,1.1
3387.0,90,1.1
3246.0,90,1.1
3203.0,90,1.1
4232.0,90,1.1
6303.0,90,1.1
3538.0,90,1.1
7986.0,90,1.1
13723.0,90,1.1
5732.0,90,1.1
4277.0,90,1.1
6206.0,90,1.1
2759.0,90,1.1
4560.0,90,1.1
3046.0,90,1.1
4771.0,90,1.1
5308.0,90,1.1
4443.0,90,1.1
2925.0,90,1.1
8138.0,90,1.1
2283.0,90,1.1
4268.0,90,1.1
4405.0,90,1.1
2980.0,90,1.1
5039.0,90,1.1
3488.0,90,1.1
4683.0,90,1.1
5156.0,90,1.1
4701.0,90,1.1
3107.0,90,1.1
7887.0,90,1.1
2392.0,90,1.1
5355.0,90,1.1
2430.0,90,1.1
3775.0,90,1.1
7615.0,90,1.1
3907.0,90,1.1
5735.0,90,1.1
5169.0,90,1.1
5433.0,90,1.1
3110.0,90,1.1
5101.0,90,1.1
5011.0,90,1.1
7772.0,90,1.1
1724.0,90,1.1
6109.0,90,1.1
4042.0,90,1.1
3288.0,90,1.1
7851.0,90,1.1
6584.0,90,1.1
2609.0,90,1.1
4516.0,90,1.1
3805.0,90,1.1
4216.0,90,1.1
4922.0,95,1.1
4554.0,95,1.1
4110.0,95,1.1
3678.0,95,1.1
8187.0,95,1.1
5991.0,95,1.1
2380.0,95,1.1
5078.0,95,1.1
6076.0,95,1.1
2171.0,95,1.1
3352.0,95,1.1
7787.0,95,1.1
7548.0,95,1.1
4806.0,95,1.1
4078.0,95,1.1
8910.0,95,1.1
5655.0,95,1.1
7545.0,95,1.1
5977.0,95,1.1
7521.0,95,1.1
4319.0,95,1.1
4327.0,95,1.1
2059.0,95,1.1
6429.0,95,1.1
11163.0,95,1.1
3229.0,95,1.1
3459.0,95,1.1
4893.0,95,1.1
8818.0,95,1.1
3988.0,95,1.1
9977.0,95,1.1
2448.0,95,1.1
8885.0,95,1.1
5248.0,95,1.1
3279.0,95,1.1
4372.0,95,1.1
3820.0,95,1.1
5242.0,95,1.1
4182.0,95,1.1
3643.0,95,1.1
6090.0,95,1.1
5916.0,95,1.1
3550.0,95,1.1
5297.0,95,1.1
5369.0,95,1.1
3546.0,95,1.1
7441.0,95,1.1
5493.0,95,1.1
6668.0,95,1.1
4950.0,95,1.1
9223.0,95,1.1
4879.0,95,1.1
6156.0,95,1.1
3714.0,95,1.1
5444.0,95,1.1
4933.0,95,1.1
5964.0,95,1.1
7489.0,95,1.1
7805.0,95,1.1
7385.0,95,1.1
4182.0,95,1.1
4609.0,95,1.1
4465.0,95,1.1
5813.0,95,1.1
3511.0,95,1.1
8773.0,95,1.1
6875.0,95,1.1
4832.0,95,1.1
8546.0,95,1.1
4817.0,95,1.1
2861.0,95,1.1
6517.0,95,1.1
4304.0,95,1.1
8304.0,95,1.1
5072.0,95,1.1
6840.0,95,1.1
4343.0,95,1.1
5490.0,95,1.1
4968.0,95,1.1
5390.0,95,1.1
3835.0,95,1.1
3443.0,95,1.1
3332.0,95,1.1
3252.0,95,1.1
2666.0,95,1.1
3620.0,95,1.1
3461.0,95,1.1
6198.0,95,1.1
5793.0,95,1.1
4145.0,95,1.1
3966.0,95,1.1
4213.0,100,1.1
5758.0,100,1.1
4100.0,100,1.1
7022.0,100,1.1
4972.0,100,1.1
6225.0,100,1.1
3949.0,100,1.1
3973.0,100,1.1
2690.0,100,1.1
4704.0,100,1.1
4138.0,100,1.1
4852.0,100,1.1
8172.0,100,1.1
4534.0,100,1.1
3517.0,100,1.1
9270.0,100,1.1
7483.0,100,1.1
4031.0,100,1.1
3983.0,100,1.1
6179.0,100,1.1
2904.0,100,1.1
6138.0,100,1.1
7229.0,100,1.1
4522.0,100,1.1
4776.0,100,1.1
10727.0,100,1.1
5129.0,100,1.1
3771.0,100,1.1
3374.0,100,1.1
3114.0,100,1.1
3868.0,100,1.1
10830.0,100,1.1
4125.0,100,1.1
4505.0,100,1.1
5951.0,100,1.1
4569.0,100,1.1
7092.0,100,1.1
7240.0,100,1.1
7026.0,100,1.1
3855.0,100,1.1
4535.0,100,1.1
4786.0,100,1.1
3805.0,100,1.1
3655.0,100,1.1
6570.0,100,1.1
7640.0,100,1.1
4076.0,100,1.1
4255.0,100,1.1
7638.0,100,1.1
5551.0,100,1.1
2614.0,100,1.1
7007.0,100,1.1
14259.0,100,1.1
6756.0,100,1.1
3675.0,100,1.1
3769.0,100,1.1
6359.0,100,1.1
11426.0,100,1.1
4588.0,100,1.1
2545.0,100,1.1
6323.0,100,1.1
8805.0,100,1.1
5519.0,100,1.1
9462.0,100,1.1
4032.0,100,1.1
5320.0,100,1.1
2793.0,100,1.1
6420.0,100,1.1
5419.0,100,1.1
5841.0,100,1.1
2636.0,100,1.1
5644.0,100,1.1
5544.0,100,1.1
4063.0,100,1.1
2630.0,100,1.1
8951.0,100,1.1
6561.0,100,1.1
5500.0,100,1.1
7888.0,100,1.1
6391.0,100,1.1
7174.0,100,1.1
3972.0,100,1.1
3460.0,100,1.1
5324.0,100,1.1
